{
  "train_r2": 0.9862364113742363,
  "test_r2": 0.8824773488030593,
  "test_rmse": 5.502987532038055,
  "test_mae": 3.7730437572237654
}